project_id,project_name,sector,district,estimated_cost,actual_cost,funds_released,funds_utilised,planned_days,elapsed_days,progress
PRJ-2000,Substation #1,Power,Gondia,585849464.5,607682000.57,585849464.5,528673921.95,615,630,0.9633
PRJ-2001,Rural link road #2,Roads,Gondia,444085784.52,450070550.01,281832176.08,261487310.97,520,274,0.5358
PRJ-2002,Trauma unit #3,Health,Chandrapur,169732358.22,169159965.7,94999692.0,86095375.0,613,285,0.4489
PRJ-2003,Solar park #4,Power,Amravati,544179886.55,563831493.57,390648989.35,338945232.41,790,603,0.657
PRJ-2004,School block #5,Schools,Yavatmal,233063392.04,248334452.96,116343664.1,99008198.35,242,97,0.3966
PRJ-2005,Lab wing #6,Schools,Amravati,231562961.28,268617857.92,195290868.91,166393375.15,294,222,0.7129
PRJ-2006,Canal lining #7,Water,Wardha,354632821.38,401418156.92,265665025.4,241257195.82,330,207,0.6762
PRJ-2007,Lab wing #8,Schools,Gondia,145241904.21,162273129.72,110742690.19,96148387.84,504,328,0.7154
PRJ-2008,Rural link road #9,Roads,Akola,391244176.69,408317810.03,391244176.69,348204259.28,637,697,1.0
PRJ-2009,Canal lining #10,Water,Nagpur,328207125.38,329617314.18,328207125.38,289562952.12,571,647,1.0
PRJ-2010,Substation #11,Power,Nagpur,630205722.79,819267439.63,630205722.79,534644018.08,765,610,0.2467
PRJ-2011,District hospital wing #12,Health,Bhandara,197005067.47,202679369.1,197005067.47,181189605.39,287,322,0.9918
PRJ-2012,Primary health centre #13,Health,Gondia,309172406.86,328268237.27,309172406.86,281468569.38,839,992,1.0
PRJ-2013,Feeder upgrade #14,Power,Nagpur,573129509.51,550268912.43,573129509.51,524134726.41,759,791,1.0
PRJ-2014,Rural link road #15,Roads,Wardha,242851317.22,259012479.91,222546201.88,211411314.09,426,350,0.8779
PRJ-2015,Hostel building #16,Schools,Nagpur,163565023.67,168939018.51,163565023.67,142018299.5,779,773,1.0
PRJ-2016,Bridge repair #17,Roads,Akola,513136238.23,526108231.83,513136238.23,450323620.26,337,404,1.0
PRJ-2017,Feeder upgrade #18,Power,Yavatmal,504967979.24,577028362.89,237124483.95,203413977.73,611,276,0.3964
PRJ-2018,District hospital wing #19,Health,Nagpur,358509053.97,348452525.92,356511583.56,320526104.07,343,311,0.865
PRJ-2019,Bridge repair #20,Roads,Yavatmal,440930574.67,440575564.7,440930574.67,387893598.45,646,655,0.9365
PRJ-2020,Solar park #21,Power,Akola,497062575.67,523122481.72,187099506.99,177194521.36,729,216,0.2755
PRJ-2021,Lab wing #22,Schools,Yavatmal,146185716.4,153928381.48,88491740.85,82408617.01,423,175,0.4837
PRJ-2022,Feeder upgrade #23,Power,Nagpur,495325881.92,537278301.97,315283869.44,307452322.88,369,162,0.5016
PRJ-2023,Highway widening #24,Roads,Amravati,248019557.78,273314173.12,98239733.45,80124403.41,745,270,0.3618
PRJ-2024,Rural link road #25,Roads,Nagpur,377877723.58,397401629.21,152084301.43,126877962.93,690,308,0.3413
PRJ-2025,District hospital wing #26,Health,Wardha,288456997.56,374994096.83,288456997.56,250577117.53,651,375,0.2151
PRJ-2026,Rural link road #27,Roads,Wardha,479911214.01,473915591.5,340703267.68,316761330.36,578,363,0.6283
PRJ-2027,Bridge repair #28,Roads,Nagpur,503911277.23,516708795.72,248968865.8,191691701.84,637,399,0.4728
PRJ-2028,Treatment plant #29,Water,Nagpur,206196343.41,220193225.68,150679373.62,135289212.7,691,379,0.6288
PRJ-2029,Trauma unit #30,Health,Chandrapur,275099329.0,282193493.14,202457155.83,171918106.87,783,435,0.5922
PRJ-2030,Treatment plant #31,Water,Amravati,437757731.51,480914540.74,362737320.06,351855200.46,666,650,0.186
PRJ-2031,Canal lining #32,Water,Chandrapur,285739298.93,324727997.63,285739298.93,252714347.34,366,419,1.0
PRJ-2032,Solar park #33,Power,Amravati,665719884.18,712835840.82,665719884.18,593726261.69,715,734,1.0
PRJ-2033,District hospital wing #34,Health,Nagpur,298898153.13,340784320.71,222855034.73,201171690.54,328,219,0.6253
PRJ-2034,Trauma unit #35,Health,Amravati,255319690.98,267817151.32,255319690.98,213518640.07,259,302,1.0
PRJ-2035,Trauma unit #36,Health,Akola,321920952.28,365773627.24,117401504.56,102836315.82,464,173,0.2772
PRJ-2036,Trauma unit #37,Health,Chandrapur,190446855.69,199941810.35,96619351.06,88190620.71,512,239,0.4491
PRJ-2037,Treatment plant #38,Water,Yavatmal,402373381.75,431733087.84,215517250.56,210795275.74,388,119,0.4135
PRJ-2038,Treatment plant #39,Water,Gondia,191741514.82,194214105.62,97038524.09,85377710.41,831,310,0.4403
PRJ-2039,Pipeline upgrade #40,Water,Chandrapur,317156315.64,339461798.43,272751330.75,250969637.12,706,540,0.7633
PRJ-2040,Highway widening #41,Roads,Chandrapur,405022949.18,400789769.07,405022949.18,375962310.53,443,544,0.9137
PRJ-2041,School block #42,Schools,Nagpur,157719088.99,168892938.27,124948138.86,106602995.56,715,404,0.7234
PRJ-2042,Trauma unit #43,Health,Nagpur,179393658.83,199688917.37,179393658.83,158052627.01,832,796,1.0
PRJ-2043,District hospital wing #44,Health,Bhandara,232783155.7,302618102.41,232783155.7,211520042.52,476,403,0.2465
PRJ-2044,School block #45,Schools,Yavatmal,203525687.2,217878267.16,203525687.2,175595744.99,722,759,1.0
PRJ-2045,Canal lining #46,Water,Nagpur,407816984.31,424462016.56,407816984.31,348659752.63,741,681,1.0
PRJ-2046,District hospital wing #47,Health,Bhandara,214689528.4,223461021.73,146295107.85,124340637.21,815,537,0.5421
PRJ-2047,Highway widening #48,Roads,Wardha,354856245.57,366634918.56,271912776.02,241408646.91,799,561,0.6994
PRJ-2048,Canal lining #49,Water,Bhandara,370629938.04,380823073.12,283698873.29,265013757.98,767,540,0.7045
PRJ-2049,Bridge repair #50,Roads,Chandrapur,434785179.43,473647910.13,405588283.82,374815661.2,731,651,0.839
PRJ-2050,Rural link road #51,Roads,Yavatmal,404675965.26,428160730.86,224885957.21,208257827.11,693,407,0.5246
PRJ-2051,Feeder upgrade #52,Power,Chandrapur,560132227.31,563267971.16,560132227.31,478812305.69,260,288,0.9433
PRJ-2052,Rural link road #53,Roads,Akola,452497485.88,457669867.63,282689316.95,233665909.02,350,190,0.5732
PRJ-2053,Pipeline upgrade #54,Water,Amravati,297516039.28,343753260.42,172208868.15,144259629.88,773,399,0.5204
PRJ-2054,Hostel building #55,Schools,Amravati,99917459.41,101109896.63,77141441.04,68332515.93,536,359,0.7277
PRJ-2055,District hospital wing #56,Health,Chandrapur,184697134.08,193143187.86,98047523.63,84410062.78,567,321,0.4911
PRJ-2056,Pipeline upgrade #57,Water,Bhandara,230386210.38,243853398.84,130224772.25,116713733.73,277,137,0.4686
PRJ-2057,Solar park #58,Power,Gondia,704867444.54,720152285.33,704867444.54,617249001.86,618,749,1.0
PRJ-2058,Treatment plant #59,Water,Bhandara,348488540.09,366210227.19,165651346.31,142804980.58,665,257,0.4044
PRJ-2059,Substation #60,Power,Yavatmal,549468195.62,545543332.83,370274260.01,328887171.42,700,415,0.5985
PRJ-2060,Hostel building #61,Schools,Chandrapur,170518548.39,172423756.67,83005213.64,72869905.84,321,136,0.3976
PRJ-2061,Feeder upgrade #62,Power,Gondia,567186267.22,616881423.34,296248089.68,272079617.58,249,129,0.4889
PRJ-2062,Trauma unit #63,Health,Wardha,214244891.54,231712697.94,214244891.54,179842987.32,336,384,1.0
PRJ-2063,Bridge repair #64,Roads,Bhandara,421049024.39,443211894.8,180644554.07,165305717.19,812,295,0.4303
PRJ-2064,Trauma unit #65,Health,Yavatmal,349081382.45,400535419.06,301312273.13,292272904.94,639,524,0.1771
PRJ-2065,Feeder upgrade #66,Power,Nagpur,563228587.74,617615150.79,251728511.76,237339164.04,294,96,0.3236
PRJ-2066,Canal lining #67,Water,Nagpur,328975380.82,347806913.07,328975380.82,273737988.33,673,742,1.0
PRJ-2067,Primary health centre #68,Health,Bhandara,199505151.97,215276011.51,130946254.0,117773710.49,716,370,0.5804
PRJ-2068,Highway widening #69,Roads,Akola,388791710.79,434184031.0,388791710.79,354608770.43,449,359,0.9191
PRJ-2069,Treatment plant #70,Water,Chandrapur,296784955.6,313873823.12,296784955.6,283052165.99,460,511,1.0
PRJ-2070,District hospital wing #71,Health,Gondia,192333994.78,213925989.66,71380887.92,61629922.78,326,90,0.3315
PRJ-2071,Lab wing #72,Schools,Yavatmal,88654333.46,91866077.31,63271404.12,56336959.47,490,263,0.5725
PRJ-2072,Rural link road #73,Roads,Chandrapur,323127809.71,346717557.45,301386775.01,292345171.76,512,506,0.0975
PRJ-2073,Feeder upgrade #74,Power,Gondia,497299228.54,576842455.58,497299228.54,451922756.77,722,609,1.0
PRJ-2074,District hospital wing #75,Health,Wardha,268181291.82,262197749.62,268181291.82,61862642.34,283,300,0.992
PRJ-2075,Rural link road #76,Roads,Nagpur,369858748.12,373105819.66,351128465.37,315635231.14,380,315,0.8041
PRJ-2076,Substation #77,Power,Gondia,523392582.31,544901210.71,503196997.29,472113087.52,503,418,0.7601
PRJ-2077,Lab wing #78,Schools,Gondia,303446170.18,329150723.5,222042370.09,195324256.84,429,223,0.6049
PRJ-2078,Substation #79,Power,Yavatmal,617913734.66,674691040.75,334556339.0,306907341.28,603,301,0.4492
PRJ-2079,Rural link road #80,Roads,Yavatmal,247856637.98,255236447.38,95027413.35,76745959.91,538,172,0.2971
PRJ-2080,Bridge repair #81,Roads,Wardha,500025933.66,650033713.76,500025933.66,439985326.82,593,593,0.2371
PRJ-2081,Hostel building #82,Schools,Wardha,197841915.77,208989881.81,161107471.83,141049775.61,513,388,0.7359
PRJ-2082,Primary health centre #83,Health,Chandrapur,398634654.4,409069312.64,398634654.4,357876213.43,518,433,0.8862
PRJ-2083,Hostel building #84,Schools,Chandrapur,153887105.9,160245230.95,153887105.9,138070010.37,692,786,0.9741
PRJ-2084,Pipeline upgrade #85,Water,Wardha,210898491.27,226397818.19,119170088.39,114660776.47,601,237,0.4602
PRJ-2085,Rural link road #86,Roads,Nagpur,534127740.62,552043534.32,225557284.8,208471550.33,783,268,0.2957
PRJ-2086,Lab wing #87,Schools,Chandrapur,162403208.14,164675719.62,141076063.9,124879298.82,581,472,0.8518
PRJ-2087,District hospital wing #88,Health,Akola,281839982.19,277142673.72,281839982.19,243291214.63,709,880,1.0
PRJ-2088,Primary health centre #89,Health,Bhandara,121583902.83,131048220.45,96613907.66,89393582.18,483,337,0.6904
PRJ-2089,Lab wing #90,Schools,Amravati,203524057.4,214060134.04,95202216.5,86472351.17,643,308,0.3781
PRJ-2090,Treatment plant #91,Water,Akola,203094596.75,214369642.96,82862261.6,26150639.73,621,221,0.3367
PRJ-2091,Treatment plant #92,Water,Yavatmal,378307133.87,385119770.11,355137877.41,303314747.65,755,634,0.8074
PRJ-2092,Canal lining #93,Water,Akola,221705716.84,218984520.64,104876279.8,95010486.93,353,189,0.3896
PRJ-2093,District hospital wing #94,Health,Gondia,227534959.58,231091673.72,158738607.46,139188811.5,411,237,0.5724
PRJ-2094,Pipeline upgrade #95,Water,Chandrapur,415867623.34,460326977.54,415867623.34,371662103.18,544,640,1.0
PRJ-2095,Feeder upgrade #96,Power,Yavatmal,489859554.96,507270802.33,224493835.79,199533337.68,354,121,0.4279
PRJ-2096,Primary health centre #97,Health,Nagpur,352168309.53,388580778.11,352168309.53,327839244.91,397,457,0.9729
PRJ-2097,School block #98,Schools,Wardha,287228534.34,315147163.79,179525727.61,163780038.73,254,129,0.5425
PRJ-2098,Highway widening #99,Roads,Yavatmal,388111761.37,392632908.43,206024466.33,190900458.01,423,160,0.4405
PRJ-2099,Rural link road #100,Roads,Wardha,304588316.29,395964811.18,304588316.29,275603664.44,431,212,0.1943
PRJ-2100,Pipeline upgrade #101,Water,Nagpur,296081920.39,303888534.81,296081920.39,275189990.38,667,746,1.0
PRJ-2101,Bridge repair #102,Roads,Akola,207950448.92,221968163.94,203966374.74,192024516.91,267,221,0.8781
PRJ-2102,Treatment plant #103,Water,Gondia,324646324.4,321609048.57,288415342.91,252198995.37,314,206,0.7407
PRJ-2103,School block #104,Schools,Yavatmal,101985938.14,114183834.67,60419461.88,55359502.96,248,110,0.5095
PRJ-2104,Canal lining #105,Water,Wardha,297449766.82,316293722.38,99669444.64,87448017.4,274,73,0.2339
PRJ-2105,Hostel building #106,Schools,Yavatmal,233105662.0,273559824.58,198419645.35,184993854.61,783,581,0.7842
PRJ-2106,Trauma unit #107,Health,Nagpur,123205217.26,135463318.36,123205217.26,110535456.41,440,517,1.0
PRJ-2107,Hostel building #108,Schools,Wardha,241638118.1,243643078.83,128141326.66,114155036.97,395,137,0.392
PRJ-2108,Bridge repair #109,Roads,Wardha,317850889.22,344817732.48,317850889.22,284263867.22,822,919,1.0
PRJ-2109,Canal lining #110,Water,Bhandara,345885035.83,362422463.11,345885035.83,312441676.34,316,370,1.0
PRJ-2110,Canal lining #111,Water,Wardha,336995476.54,363813458.88,190032314.05,186390454.46,493,224,0.4807
PRJ-2111,School block #112,Schools,Amravati,140263511.58,182342565.05,140263511.58,124631395.94,671,767,0.2491
PRJ-2112,Rural link road #113,Roads,Nagpur,334654799.13,330772700.09,105164954.14,90163947.99,490,129,0.2842
PRJ-2113,Canal lining #114,Water,Akola,427270642.44,459297143.98,427270642.44,383521328.31,726,765,0.954
PRJ-2114,Feeder upgrade #115,Power,Bhandara,573364761.98,600712187.54,308617836.85,277216509.56,727,264,0.405
PRJ-2115,District hospital wing #116,Health,Yavatmal,239238044.79,250411889.66,239238044.79,216452571.02,723,744,0.9739
PRJ-2116,School block #117,Schools,Nagpur,113459453.61,115606747.47,113459453.61,106128835.74,801,936,1.0
PRJ-2117,Bridge repair #118,Roads,Yavatmal,299401292.71,328590222.37,72609371.14,66746291.24,489,158,0.1677
PRJ-2118,Canal lining #119,Water,Chandrapur,207909212.96,210473805.09,207909212.96,173800264.94,345,409,0.9978
PRJ-2119,Bridge repair #120,Roads,Amravati,300387332.58,322487558.11,194343977.78,183747460.38,689,374,0.5555
PRJ-2120,Primary health centre #121,Health,Akola,209979091.18,437411497.42,174557611.88,159539067.84,364,277,0.6996
PRJ-2121,Rural link road #122,Roads,Amravati,427161546.43,737828799.32,210937195.47,185277155.72,515,178,0.4021
PRJ-2122,Treatment plant #123,Water,Amravati,264707879.04,278198052.09,253310887.03,231687508.63,630,553,0.8153
PRJ-2123,Hostel building #124,Schools,Bhandara,183550543.81,184612936.11,183550543.81,165445691.31,782,707,0.9582
PRJ-2124,Bridge repair #125,Roads,Akola,339070863.89,346163565.3,312444730.9,272064392.72,494,411,0.9124
PRJ-2125,Feeder upgrade #126,Power,Amravati,677098957.4,777940440.48,677098957.4,609500612.16,692,736,0.9966
PRJ-2126,Feeder upgrade #127,Power,Wardha,705588793.31,726308461.27,308962227.39,278714196.08,599,201,0.3802
PRJ-2127,Bridge repair #128,Roads,Bhandara,408651073.6,415781013.32,149811877.93,133846109.16,645,241,0.2715
PRJ-2128,Feeder upgrade #129,Power,Gondia,491141979.8,533783929.27,382560098.4,328765507.4,625,463,0.6771
PRJ-2129,Pipeline upgrade #130,Water,Gondia,340294314.53,341121471.28,340294314.53,276480409.86,547,643,0.9227
PRJ-2130,Solar park #131,Power,Akola,505078090.56,656601517.73,505078090.56,451592267.79,772,390,0.2203
PRJ-2131,Trauma unit #132,Health,Chandrapur,322774413.4,361083338.99,322774413.4,308440233.31,820,912,1.0
PRJ-2132,Primary health centre #133,Health,Akola,164343297.94,171173495.37,125712816.43,108663421.47,837,645,0.7346
PRJ-2133,Treatment plant #134,Water,Nagpur,293573882.0,317094382.86,293573882.0,271331368.85,351,400,0.9919
PRJ-2134,Rural link road #135,Roads,Bhandara,265238097.32,265276428.35,253978649.06,230883451.84,542,491,0.8053
PRJ-2135,Trauma unit #136,Health,Amravati,234808780.98,252238713.22,122933156.72,116453186.96,270,113,0.3979
PRJ-2136,Feeder upgrade #137,Power,Bhandara,629366534.78,677007080.12,629366534.78,589370564.76,285,348,1.0
PRJ-2137,Hostel building #138,Schools,Amravati,219960258.59,244843639.41,180565043.7,144757829.67,833,535,0.7073
PRJ-2138,Pipeline upgrade #139,Water,Akola,315894194.71,316923493.78,264530627.1,233300801.47,385,265,0.6563
PRJ-2139,Substation #140,Power,Gondia,465393989.24,471840838.17,356766328.35,332089072.23,455,315,0.6594
PRJ-2140,Rural link road #141,Roads,Nagpur,654199028.48,691738725.63,502464281.35,466722290.88,621,357,0.6731
PRJ-2141,Substation #142,Power,Bhandara,477952433.23,520511704.55,477952433.23,438156784.08,714,653,0.9513
PRJ-2142,Canal lining #143,Water,Bhandara,181155307.87,206440878.62,170527767.63,161877518.55,508,495,0.8752
PRJ-2143,Treatment plant #144,Water,Chandrapur,291810379.1,311876150.09,114354986.07,102770239.12,793,243,0.3131
PRJ-2144,Pipeline upgrade #145,Water,Chandrapur,227443775.52,240435248.21,227443775.52,190235434.93,558,495,0.9467
PRJ-2145,Treatment plant #146,Water,Amravati,314595847.68,336940149.39,269929836.65,246038544.24,577,432,0.6959
PRJ-2146,Highway widening #147,Roads,Amravati,562636929.57,550848287.29,279622844.45,279622844.45,303,114,0.3617
PRJ-2147,Substation #148,Power,Amravati,431798093.61,453157744.0,431798093.61,403867832.58,405,500,0.9636
PRJ-2148,Hostel building #149,Schools,Akola,102637715.16,102084571.63,39376491.46,34666860.73,733,281,0.3343
PRJ-2149,Trauma unit #150,Health,Nagpur,272758162.46,268700478.4,186717985.16,174862225.04,684,322,0.6117
PRJ-2150,Highway widening #151,Roads,Chandrapur,369543445.64,397918734.21,369543445.64,312312956.27,658,689,0.9555
PRJ-2151,Trauma unit #152,Health,Gondia,214974454.15,208707070.11,100519535.96,92136711.64,687,233,0.3801
PRJ-2152,Bridge repair #153,Roads,Yavatmal,467688384.39,556860689.36,445033447.03,417565464.14,628,673,0.8966
PRJ-2153,Treatment plant #154,Water,Yavatmal,207086586.98,193390967.91,153229377.09,142246520.65,550,317,0.5268
PRJ-2154,Canal lining #155,Water,Yavatmal,427189532.65,427136944.69,238905058.94,89132331.43,648,303,0.4663
PRJ-2155,Lab wing #156,Schools,Chandrapur,173460014.92,194352402.37,116049044.27,102880276.74,590,355,0.6002
PRJ-2156,Canal lining #157,Water,Chandrapur,277681541.74,283900263.06,169911561.32,146821790.58,787,305,0.5029
PRJ-2157,Bridge repair #158,Roads,Yavatmal,530927687.33,581495672.83,368269990.72,343248230.13,541,355,0.607
PRJ-2158,Bridge repair #159,Roads,Yavatmal,454654845.34,471889231.94,164678488.4,147257604.32,770,338,0.3191
PRJ-2159,Pipeline upgrade #160,Water,Nagpur,336259144.51,368985455.21,298532099.12,278847329.73,647,1130,0.2469
PRJ-2160,Lab wing #161,Schools,Chandrapur,40000000.0,40336232.55,40000000.0,35656800.88,357,431,1.0
PRJ-2161,Highway widening #162,Roads,Yavatmal,442116515.45,470406451.67,442116515.45,385247394.22,416,424,1.0
PRJ-2162,Substation #163,Power,Wardha,709423115.31,1612323312.57,464207858.92,411320671.03,303,169,0.5961
PRJ-2163,Solar park #164,Power,Bhandara,480708916.4,534266678.8,445943172.79,432564877.61,485,293,0.0992
PRJ-2164,Primary health centre #165,Health,Yavatmal,196532905.09,204127492.28,141128728.11,124763446.36,834,513,0.5883
PRJ-2165,Lab wing #166,Schools,Nagpur,210419184.58,238716734.77,210419184.58,195413441.81,511,621,1.0
PRJ-2166,District hospital wing #167,Health,Gondia,378856095.29,425827326.9,299907605.49,274924243.01,354,235,0.7184
PRJ-2167,Canal lining #168,Water,Nagpur,288298538.18,284681707.76,210688748.4,199594122.94,560,289,0.5497
PRJ-2168,Highway widening #169,Roads,Chandrapur,450504977.86,494638230.94,450504977.86,371337018.19,772,700,0.7864
PRJ-2169,Solar park #170,Power,Chandrapur,718841888.8,815955798.08,495286935.77,437253907.3,398,232,0.5971
PRJ-2170,Hostel building #171,Schools,Chandrapur,124089133.58,135800494.78,124089133.58,98501150.28,813,1331,0.2159
PRJ-2171,Canal lining #172,Water,Bhandara,212803965.94,229111212.31,91581304.25,82173459.55,594,151,0.3666
PRJ-2172,Canal lining #173,Water,Akola,300072922.57,347872734.93,246540418.18,210418212.34,677,516,0.7213
PRJ-2173,Lab wing #174,Schools,Gondia,219573565.91,213857104.81,138454466.54,129158077.59,515,299,0.5841
PRJ-2174,Hostel building #175,Schools,Yavatmal,255155551.98,279223084.07,255155551.98,237322186.73,372,372,1.0
PRJ-2175,Primary health centre #176,Health,Amravati,265251064.29,277305991.13,116630517.85,97078126.25,579,214,0.3577
PRJ-2176,Rural link road #177,Roads,Akola,409431598.66,429288187.46,144185019.7,125661528.11,315,90,0.1985
PRJ-2177,Canal lining #178,Water,Amravati,268422920.41,254134420.61,268422920.41,230468848.85,839,1655,0.3154
PRJ-2178,Treatment plant #179,Water,Nagpur,310046742.24,330724940.37,273618330.6,249868850.13,500,383,0.7154
PRJ-2179,Hostel building #180,Schools,Gondia,123723478.03,160840521.44,123723478.03,116979539.59,511,134,0.2436
PRJ-2180,Rural link road #181,Roads,Yavatmal,352888312.94,364124391.01,309550159.18,300263654.4,655,273,0.1121
PRJ-2181,Treatment plant #182,Water,Nagpur,348446519.88,368152081.05,348446519.88,283595345.27,471,513,1.0
PRJ-2182,Treatment plant #183,Water,Wardha,279586283.12,278593300.96,138303662.29,126081122.03,489,197,0.4319
PRJ-2183,Rural link road #184,Roads,Chandrapur,324901776.71,327207754.87,243198859.83,227089187.05,678,342,0.5876
PRJ-2184,Highway widening #185,Roads,Gondia,244158254.94,254835173.72,184412773.72,166704888.91,538,379,0.6759
PRJ-2185,Rural link road #186,Roads,Akola,340523445.53,337611975.71,257175462.51,231335257.53,308,239,0.6955
PRJ-2186,Hostel building #187,Schools,Yavatmal,132505371.11,126957237.52,116956855.87,102993120.13,751,526,0.7331
PRJ-2187,Feeder upgrade #188,Power,Chandrapur,591109990.83,662919173.52,591109990.83,529646875.49,593,703,1.0
PRJ-2188,Trauma unit #189,Health,Wardha,195496843.07,194395737.31,165942038.81,160963777.65,771,889,0.0811
PRJ-2189,Treatment plant #190,Water,Akola,307224535.93,339043119.78,94000894.41,87203755.12,828,269,0.2797
PRJ-2190,Pipeline upgrade #191,Water,Yavatmal,225943217.03,293726182.14,225943217.03,194107287.0,796,692,0.2368
PRJ-2191,Substation #192,Power,Akola,690637276.36,772012008.31,470330064.15,420127100.66,379,211,0.6157
PRJ-2192,Highway widening #193,Roads,Gondia,339527806.38,349027373.13,339527806.38,330038172.02,371,453,1.0
PRJ-2193,Bridge repair #194,Roads,Wardha,523803825.5,581853020.25,448869510.24,384186657.87,325,261,0.7513
PRJ-2194,Highway widening #195,Roads,Amravati,409871606.21,402421493.11,318049205.22,297655029.16,782,477,0.6597
PRJ-2195,Pipeline upgrade #196,Water,Akola,223933453.82,213189826.13,137500367.6,119767303.1,587,321,0.473
PRJ-2196,School block #197,Schools,Gondia,110604669.48,104533517.15,75691221.31,64543423.8,666,351,0.5543
PRJ-2197,Substation #198,Power,Chandrapur,365627945.65,392086903.56,199261950.8,190584707.86,250,124,0.437
PRJ-2198,Solar park #199,Power,Yavatmal,684655463.02,790638983.54,684655463.02,619195799.93,740,780,1.0
PRJ-2199,Trauma unit #200,Health,Gondia,285294967.18,285556284.29,233615403.11,226606941.02,438,374,0.1544
PRJ-2200,Solar park #201,Power,Nagpur,618170543.96,646814540.86,618170543.96,525988397.91,567,610,1.0
PRJ-2201,Canal lining #202,Water,Chandrapur,247982711.05,250910777.96,181732092.29,171278738.44,440,266,0.6303
PRJ-2202,Bridge repair #203,Roads,Gondia,373333600.88,416714044.11,351056336.26,332740267.14,605,495,0.8399
PRJ-2203,Hostel building #204,Schools,Yavatmal,210211372.67,233231563.28,128804067.13,124866192.61,522,270,0.5332
PRJ-2204,Canal lining #205,Water,Yavatmal,291500596.37,338610612.41,277211038.16,235327590.95,494,435,0.8634
PRJ-2205,District hospital wing #206,Health,Gondia,410863429.69,442758928.04,360884838.73,350803548.99,342,280,0.7515
PRJ-2206,Bridge repair #207,Roads,Amravati,427232551.76,403192914.63,427232551.76,393741679.58,424,424,0.9834
PRJ-2207,School block #208,Schools,Amravati,268792852.03,277919622.14,268792852.03,239320801.58,678,727,1.0
PRJ-2208,Solar park #209,Power,Wardha,549841728.11,575229646.33,543180007.88,469419029.43,433,383,0.8742
PRJ-2209,Rural link road #210,Roads,Yavatmal,349073651.9,393215075.33,284085499.07,255067659.42,833,462,0.6958
PRJ-2210,Rural link road #211,Roads,Amravati,392183904.29,415343056.19,392183904.29,339128932.21,308,357,1.0
PRJ-2211,School block #212,Schools,Chandrapur,289026057.4,324508929.27,217013588.44,192307381.4,576,363,0.6953
PRJ-2212,Solar park #213,Power,Gondia,537835295.78,550033525.64,424132456.18,407437755.24,349,242,0.6674
PRJ-2213,School block #214,Schools,Yavatmal,154909693.55,156152129.85,154909693.55,140033868.3,456,492,1.0
PRJ-2214,Bridge repair #215,Roads,Gondia,377816502.58,397574801.93,377816502.58,358449561.41,678,646,0.9733
PRJ-2215,Bridge repair #216,Roads,Yavatmal,539255658.62,554420402.58,539255658.62,451161434.22,782,932,0.9674
PRJ-2216,Pipeline upgrade #217,Water,Nagpur,203168828.0,221749596.14,203168828.0,180113065.81,599,618,1.0
PRJ-2217,Feeder upgrade #218,Power,Gondia,759685563.58,832370443.18,759685563.58,739300772.5,495,528,1.0
PRJ-2218,Bridge repair #219,Roads,Yavatmal,391973754.96,468476896.71,245759400.89,200606002.76,626,320,0.5231
PRJ-2219,School block #220,Schools,Chandrapur,104639082.44,110052365.57,77502086.77,72193755.67,467,304,0.6762
PRJ-2220,Canal lining #221,Water,Yavatmal,189627872.64,305792589.57,111654572.85,98804879.55,313,179,0.4601
PRJ-2221,Highway widening #222,Roads,Wardha,421194917.49,943356679.11,421194917.49,384072742.37,643,714,0.9768
PRJ-2222,Hostel building #223,Schools,Yavatmal,205385805.22,205912258.86,204341536.46,186772742.51,492,421,0.9491
PRJ-2223,Bridge repair #224,Roads,Wardha,472772516.44,504422373.06,472772516.44,427408136.67,721,715,1.0
PRJ-2224,Solar park #225,Power,Gondia,596363536.26,657778507.84,596363536.26,549341862.57,436,540,1.0
PRJ-2225,Primary health centre #226,Health,Yavatmal,258631780.98,256322246.23,206483784.83,190117404.58,753,549,0.7121
PRJ-2226,District hospital wing #227,Health,Akola,260371313.15,276783313.3,230902655.03,208833377.8,497,466,0.8561
PRJ-2227,Rural link road #228,Roads,Wardha,309018678.71,351627755.68,309018678.71,273617239.69,558,553,0.8987
PRJ-2228,Treatment plant #229,Water,Bhandara,438372095.74,472034324.25,438372095.74,384537469.48,241,219,0.9853
PRJ-2229,District hospital wing #230,Health,Amravati,406712421.13,428279758.13,406712421.13,360529092.69,804,894,1.0
PRJ-2230,School block #231,Schools,Yavatmal,275176240.99,287610969.15,275176240.99,247974231.7,723,683,0.9823
PRJ-2231,Hostel building #232,Schools,Chandrapur,125038521.86,138507792.28,125038521.86,108706268.48,427,421,1.0
PRJ-2232,District hospital wing #233,Health,Akola,312014090.76,334394493.29,306189443.89,284923076.38,678,666,0.9441
PRJ-2233,Bridge repair #234,Roads,Akola,504538817.68,498105342.4,462171752.62,448306600.04,438,545,0.1681
PRJ-2234,Pipeline upgrade #235,Water,Yavatmal,402975514.92,408385182.03,309474360.4,292868914.94,458,250,0.6569
PRJ-2235,Solar park #236,Power,Amravati,494520291.67,492250160.73,472624313.22,436893393.97,744,563,0.8371
PRJ-2236,Treatment plant #237,Water,Nagpur,339024667.47,389761621.61,300634086.54,285988499.52,350,288,0.8628
PRJ-2237,Substation #238,Power,Gondia,325756543.84,353350956.85,95322284.48,91248641.59,529,158,0.2515
PRJ-2238,Hostel building #239,Schools,Akola,132767576.67,140773796.22,104313512.83,87980153.59,510,372,0.6928
PRJ-2239,Primary health centre #240,Health,Nagpur,390525631.26,382229242.79,318389859.61,265069449.54,546,433,0.7719
PRJ-2240,School block #241,Schools,Yavatmal,142679149.05,146353522.85,63146473.31,54795115.01,393,101,0.3562
PRJ-2241,School block #242,Schools,Akola,96740222.07,114971521.64,80765928.23,75763434.67,664,492,0.7747
PRJ-2242,Treatment plant #243,Water,Gondia,281366665.95,271432726.42,222000658.13,202744538.43,627,337,0.6738
PRJ-2243,Hostel building #244,Schools,Yavatmal,189164108.13,181294351.66,122823224.33,121734047.49,279,123,0.4902
PRJ-2244,Solar park #245,Power,Amravati,535788595.78,593842278.9,504476361.75,451403404.51,834,762,0.8737
PRJ-2245,Pipeline upgrade #246,Water,Nagpur,243616783.35,243498089.77,129226204.22,112121769.68,245,83,0.4725
PRJ-2246,Hostel building #247,Schools,Akola,136960919.04,138939539.49,98247860.59,93990105.57,708,343,0.5592
PRJ-2247,Highway widening #248,Roads,Chandrapur,539878910.45,562142760.85,491800985.05,477046955.5,418,130,0.0946
PRJ-2248,Pipeline upgrade #249,Water,Nagpur,457005560.28,482662956.67,256493939.2,219750776.28,709,344,0.4499
PRJ-2249,Treatment plant #250,Water,Yavatmal,274375685.85,304849961.54,137563555.72,122154751.17,727,305,0.4016
PRJ-2250,Primary health centre #251,Health,Bhandara,213236776.66,239744536.87,213236776.66,188560243.42,612,754,1.0
PRJ-2251,District hospital wing #252,Health,Amravati,228348991.95,228733029.03,110044527.6,103427559.18,546,172,0.3285
PRJ-2252,Solar park #253,Power,Yavatmal,461780411.21,480872620.81,425778902.46,386473372.8,251,228,0.8527
PRJ-2253,Canal lining #254,Water,Gondia,255470764.35,271984849.49,80568536.35,73298638.64,362,99,0.2912
PRJ-2254,Primary health centre #255,Health,Akola,232739438.35,239910262.71,126527359.39,119888024.72,583,302,0.4806
PRJ-2255,Primary health centre #256,Health,Chandrapur,242496427.02,267069022.26,99832528.31,87158524.62,490,132,0.3021
PRJ-2256,Rural link road #257,Roads,Akola,374796609.2,407288438.2,374796609.2,372595767.41,821,1014,1.0
PRJ-2257,District hospital wing #258,Health,Wardha,248022570.78,267763052.16,206058925.62,175795596.92,409,291,0.7404
PRJ-2258,Bridge repair #259,Roads,Yavatmal,268948486.12,296896502.74,268948486.12,232676318.37,688,816,1.0
PRJ-2259,Substation #260,Power,Chandrapur,478613303.38,521409702.22,478613303.38,443404786.36,601,673,1.0